,0
0,SUTNER KLAUS
1,TOURETZKY DAVID
2,HARRAS KHALED
3,SHAMOS MICHAEL
4,LEE TERRY
5,EPPINGER JEFFREY
6,MARCAIS GUILLAUME
7,ILYIN VALENTIN
8,PFENNING ANDREAS
9,MURPHY ROBERT
10,KINGSFORD CARLETON
11,COMPEAU PHILLIP
12,KANGAS JOSHUA
13,LANGMEAD CHRISTOPHER
14,MA JIAN
15,BAR-JOSEPH ZIV
16,MOHIMANI HOSEIN
17,KIM SE YOUNG
18,REID-MILLER MARGARET
19,STEHLIK MARK
20,KOSBIE DAVID
21,DI CARO GIANNI
22,REIS GISELLE
23,TAYLOR MICHAEL
24,RILEY RYAN
25,RIVERS KELLY
26,KAYNAR ZELIHA DILSUN
27,CERVESATO ILIANO
28,RAZAK SAQUIB
29,CRARY KARL
30,ERDMANN MICHAEL
31,SLEATOR DANIEL
32,ACAR UMUT
33,OFLAZER KEMAL
34,RAILING BRIAN
35,GOLDSTEIN SETH
36,LUCIA BRANDON
37,KAPOUTSIS CHRISTOS
38,GOYAL VIPUL
39,GURUSWAMI VENKATESAN
40,HARCHOL-BALTER MOR
41,CORTINA THOMAS
42,FRIEZE CAROL
43,HOFFMANN JAN
44,BALZER STEPHANIE
45,BROOKES STEPHEN
46,SAKR MAJD
47,DANNENBERG ROGER
48,HODGINS JESSICA
49,DUESING JAMES
50,VIRTUE PATRICK
51,LEE TAI-SING
52,KAIGLER WILLIAM
53,HAMMOUD MOHAMMAD
54,MOWRY TODD
55,ALDRICH JONATHAN
56,ECKHARDT DAVID
57,BRYANT RANDAL
58,BECKMANN NATHAN
59,SATYANARAYANAN MAHADEV
60,PILLAI PADMANABHAN
61,BERGER DANIEL
62,STEENKISTE PETER
63,SHERRY MARTINS JUSTINE
64,WOODRUFF DAVID
65,GUPTA ANUPAM
66,CRANE KEENAN
67,POLLARD NANCY
68,MCCANN JAMES
69,MCCARTHY MICHAEL
70,ZETLIN-JONES ARIEL
71,ANDERSEN DAVID
72,AMVROSIADIS GEORGIOS
73,GANGER GREGORY
74,PAVLO ANDREW
75,GIBBONS PHILLIP
76,MILLER GARY
77,KOLTER JEREMY
78,SHAH NIHAR BHADRESH
79,HARPER ROBERT
80,HAEUPLER BERNHARD
81,BLUM LENORE
82,BLUM MANUEL
83,CULYBA DAVID
84,SALDAMARCO SHIRLEY
85,DESSLER JOHN
86,SCHELL JESSE
87,CORBETT THOMAS
88,FOLAN JOHN
89,DAVIDSON ANDREW
90,LIBRANDE STEPHEN
91,HOOVER CHARLES
92,KELLEY HEATHER
93,VITUCCIO RALPH
94,HARGER BRENDA
95,HAMMER JESSICA
96,COMLEY RUTH
97,KLUG GERARD
98,WASHINGTON RICARDO
99,ROSENDAHL CARL
100,CHRISTEL MICHAEL
101,STEVENS SCOTT
102,LAM MELANIE
103,AUDIA ROGER
104,MAHLER MOSHE
105,YEE SHIRLEY
106,LOUW MARTI
107,ZIMMERMAN JOHN
108,KAUFMAN GEOFF
109,HARRISON CHRISTOPHER
110,MOERTEL SHELLEY
111,LEE RITA
112,AYOOB ELLEN
113,KLATZKY ROBERTA
114,MUSURACA RAELIN
115,OGAN AMY
116,HARPSTEAD ERIK
117,ROSE CAROLYN
118,SCIUTO ALEX
119,FORLIZZI JODI
120,SHELLY MARTIN
121,KITTUR ANIKET
122,SIEWIOREK DANIEL
123,SMAILAGIC ASIM
124,BERNTSEN KAREN
125,ALEVEN VINCENT
126,MYERS BRAD
127,YAO LINING
128,COURT MATTHEW
129,WILLIAMS ELLIOTT
130,HILLMAN LEE
131,KULKARNI CHINMAY
132,SMITH JEREMY
133,ECKSTROM JULIEN
134,WAHILA DEREK
135,KOEDINGER KENNETH
136,MCLAREN BRUCE
137,WILLIS NICOLE
138,EIBEN BRAD
139,PERER ADAM
140,MORENCY LOUIS-PHILIPPE
141,MORTENSEN DAVID
142,BLACK ALAN
143,LEVIN LORRAINE
144,CALLAN JAMIE
145,GRABMAIR MATTHIAS
146,NYBERG ERIC
147,YANG YIMING
148,MITAMURA TERUKO
149,PHAM Hai Thanh
150,BROWN RALF
151,VU DU (JOHN)
152,TSVETKOV YULIA
153,HOVY EDUARD
154,NEUBIG GRAHAM
155,METZE FLORIAN
156,HAUPTMANN ALEXANDER
157,RAMAKRISHNAN BHIKSHA
158,GORMLEY MATTHEW
159,BALCAN MARIA
160,KANG EUN SU
161,FRAGKIADAKI AIKATERINI
162,POCZOS BARNABAS
163,WEHBE LEILA
164,SALAKHUTDINOV RUSLAN
165,XING ERIC
166,RAVIKUMAR PRADEEP
167,TALWALKAR AMEET
168,ATKESON CHRISTOPHER
169,MICHAEL NATHAN
170,CHOSET HOWARD
171,LIKHACHEV MAXIM
172,ZEGLIN GARTH
173,ROBINSON OLIVIA
174,GKIOULEKAS IOANNIS
175,BARD JOSHUA
176,SIMMONS REID
177,STEINFELD AARON
178,RIVIERE CAMERON
179,OTOOLE MATTHEW
180,KITANI KRIS
181,GALEOTTI JOHN
182,KROEMER OLIVER
183,DOLAN JOHN
184,BATAVIA PARAG
185,GEYER HARTMUT
186,NARASIMHAN SRINIVASA
187,BOURNE DAVID
188,KELLY ALONZO
189,TRAVERS MATTHEW
190,OH HYAEJIN
191,DUBRAWSKI ARTUR
192,GUPTA ABHINAV
193,KAESS MICHAEL
194,WHITTAKER WILLIAM RED
195,HELD DAVID
196,APOSTOLOPOULOS DIMITRIOS
197,HERBSLEB JAMES
198,VASILESCU BOGDAN
199,HILTON MICHAEL
200,CHRISTIN NICOLAS
201,CRANOR LORRIE
202,KLUG HEATHER
203,TIMPERLEY CHRISTOPHER
204,FANG FEI
205,MIRANDA EDUARDO
206,LATTANZE ANTHONY
207,BASS MATTHEW
208,VADLAMUDI VIJAY
209,BHATIA Jaspreet
210,BREAUX TRAVIS
211,GENNARI JEFFREY
212,KASTNER CHRISTIAN
213,BHUPATIRAJU VENKATA
214,GARLAN DAVID
215,GREENHALGH LUBAS DEBRA
216,CIROLI JENNIFER
217,KOLENICH PETER
218,SADEH NORMAN
219,LIBERT TIMOTHY
220,GOEL MAYANK
221,AGARWAL YUVRAJ
222,CARLEY KATHLEEN
223,BIER NORMAN
224,XHAKAJ Franceska
225,cwurman Chaya
226,angogate Abhiram
227,KOHLBRENNER Anne
228,PRUIKSMA KLAAS
229,BOUCHER Sol
230,STAMPER JOHN
231,PANGARO PAUL
232,BIGHAM JEFFREY
233,KRAVITZ SUSAN
234,FREDERKING ROBERT
235,WETTERGREEN DAVID
236,YASAR HASAN
237,BASS LEN
238,KEELING MICHAEL
239,TELANG SUJATA
